2023-03-30,en,a.d.c
2023-03-30,en,3D (three dimension) calculation
2023-03-30,en,8-bit character code
2023-03-30,en,8-bit character code
2023-03-31,en,a fortiori
2023-03-31,en,a.d.c
2023-03-31,en,abatable
2023-03-31,en,aa
2023-03-31,en,abaft
2023-03-31,en,3D (three dimension) configuration
2023-03-31,en,A except B gate
2023-03-31,en,3D (three dimension) calculation
2023-03-31,en,4th Generation Language (4GL)
2023-03-31,en,a.m
2023-03-31,en,abcauline
2023-03-31,en,aa
2023-03-31,en,abatable
2023-03-31,en,A except B gate
2023-03-31,en,A except B gate
2023-03-31,en,8-bit character code
2023-03-31,en,A except B gate
2023-03-31,en,zulu
2023-03-31,en,zoophaga
2023-03-31,vi,ái m?
2023-03-31,en,ái m?
2023-03-31,en,ái m?
2023-03-31,en,abacus
2023-03-31,en,abacus
2023-03-31,en,7-bit ASCII code set
2023-03-31,en,8-bit character set
2023-03-31,en,a posteriori
2023-03-31,vi,m?a
2023-03-31,vi,m?a
2023-03-31,en,8-bit character code
2023-03-31,en,author
2023-03-31,en,author
2023-03-31,en,book
2023-03-31,en,book
2023-03-31,vi,ác ý
2023-03-31,vi,âm v?t
2023-03-31,vi,yêu tinh
2023-03-31,vi,yên l?ng
2023-03-31,vi,chung quy
2023-03-31,vi,cà tím
